1682325963126,1682146989059,1683512334291,Chưa xử lý
1682414883623,1682146997554,1683512338774,Hoàn thành
1682688243235,1683616300146,1683512419700,Chưa xử lý
1683682663416,1683616300146,1683682722431,Hoàn thành
1684051481635,1683616300146,1684051481634,Chưa xử lý
1684116565232,1682146989059,1684116565231,Hoàn thành
1684121289408,1682146989059,1684121289407,Chưa xử lý
1684122256636,1683616300146,1684122256635,Chưa xử lý
1684122501618,1682146989059,1684122501617,Hoàn thành
1684221749655,1684136074575,1684221749654,Chưa xử lý
1684221783327,1684136074575,1684221783326,Chưa xử lý
1684231311277,1684231036362,1684231311276,Hoàn thành
1684382730931,1682146989059,1684382730931,Chưa xử lý
1684466260093,1682146989059,1684466260092,Chưa xử lý
1684466857821,1682146989059,1684466857820,Chưa xử lý
1684467065478,1684136074575,1684467065477,Chưa xử lý
1684467366694,1684136074575,1684467366693,Chưa xử lý
