1682146934012,ablackzero1,123456,Đây là đâu,0,15-10-1998,Trần Quốc Toản/Tây Lộc/TP Huế,ablackzero1@gmail.com,0123456789
1682146989059,anhzero20,conkien,Cha biet??,2,12-10-2000,Nguyen Hue,ab@gmail.com,0312415025
1682147003778,nhatanh1998,12398172893,NhatAnh,1,15-02-1998,Nguyen Trai,nhatanh@gmail.com,0380125231
1682147017676,caoanh,anh123,Tau là Anh,1,01-01-1992,Ở ngoài Sịa,,0033233834
1682147025802,zerowing,1239893,anhzero,1,20-11-1990,Thiên đàng City,rocketmail@,0512012986
1683616265832,anhzero123,123456,Anh Vip Pro,1,12-03-2003,Dưới gầm cầu,,0331784675
1683616300146,phuc987,0321312312,Phuc,2,03-03-1924,,,0127863123
1682146997554,khanh3123,khanh532,Khanh123,2,03-05-2001,,,0511271241
1683626163846,truong321,1236546,Truong Canh,1,30-03-2000,Hue,,0124132512
1683626436717,dat1241,dat12356,Dat,1,15-05-1993,adasdasdcasd,dat@gmail.com,0128621231
1683702611102,duy1998,khongbiet,Duy,2,02-02-1998,Hue,duy@gmail.com,0333934124
1683702669691,quang3124,quanghay,Quang,2,03-12-2002,Quang Tri,quang@y.com,0315845124
1684136074575,truong123,truong123,Truong,2,03-02-2020,Nguyễn Tri Phương,truong@g.com,0129862412
1684231566492,phucdeptrai,phuc123,Nguyễn Phúc,1,30-11-2002,,,0123456789
